Marca,Precio,Color,Tela
Gucci,40000,Rojo,Lino
Berska,15000,Gris,Ceda
Pull and Bear,6000,Negro,Algodon
Pull and Bear,15000,Gris,Ceda
Totto,40000,Blanco,Pana
Totto,5000,Verde,Pana
Pull and Bear,5000,Verde,Ceda
Pull and Bear,50000,Morado,Ceda
Totto,4000,Verde,Ceda
Pull and Bear,30000,Gris,Algodon
Berska,30000,Morado,Ceda
Volcom,7000,Verde,Algodon
Pull and Bear,5000,Azul,Lino
Tommy,4000,Naranja,Lino
Tommy,50000,Morado,Algodon
Pull and Bear,6000,Negro,Algodon
Volcom,15000,Rojo,Algodon
Pull and Bear,6000,Negro,Pana
Volcom,50000,Verde,Algodon
GAP,6000,Blanco,Lino
Totto,10000,Blanco,Lino
GAP,50000,Verde,Pana
Totto,5000,Blanco,Pana
Gucci,20000,Azul,Ceda
Totto,4000,Morado,Lino
Gucci,10000,Gris,Pana
Gucci,6000,Gris,Ceda
Tommy,40000,Blanco,Algodon
GAP,40000,Negro,Ceda
Pull and Bear,6000,Blanco,Pana
GAP,4000,Morado,Algodon
Tommy,5000,Verde,Pana
Berska,40000,Blanco,Ceda
Gucci,30000,Morado,Algodon
GAP,40000,Rojo,Lino
Totto,7000,Naranja,Algodon
Gucci,15000,Gris,Ceda
Gucci,50000,Azul,Pana
Gucci,7000,Morado,Pana
Berska,4000,Azul,Algodon
GAP,30000,Gris,Lino
Volcom,30000,Morado,Pana
Volcom,4000,Verde,Lino
Pull and Bear,6000,Blanco,Algodon
Pull and Bear,4000,Naranja,Ceda
Pull and Bear,4000,Morado,Ceda
Pull and Bear,10000,Gris,Ceda
Tommy,7000,Verde,Algodon
Berska,10000,Verde,Algodon
Volcom,5000,Verde,Pana
Gucci,15000,Negro,Pana
Pull and Bear,20000,Negro,Lino
GAP,10000,Negro,Ceda
Volcom,30000,Azul,Lino
Totto,40000,Morado,Lino
GAP,7000,Verde,Pana
GAP,20000,Gris,Pana
Berska,50000,Gris,Lino
Tommy,40000,Verde,Pana
Tommy,7000,Naranja,Pana
Pull and Bear,5000,Morado,Algodon
Tommy,7000,Negro,Lino
Volcom,15000,Morado,Ceda
Gucci,20000,Morado,Lino
Berska,6000,Blanco,Lino
GAP,40000,Morado,Pana
GAP,30000,Morado,Ceda
Totto,40000,Azul,Lino
Totto,20000,Gris,Pana
Volcom,40000,Morado,Algodon
Gucci,30000,Gris,Pana
Gucci,15000,Blanco,Ceda
GAP,7000,Blanco,Ceda
Totto,15000,Naranja,Lino
GAP,7000,Azul,Algodon
GAP,15000,Rojo,Pana
Totto,40000,Azul,Ceda
Volcom,40000,Naranja,Pana
Totto,4000,Blanco,Lino
Totto,30000,Azul,Pana
Tommy,50000,Rojo,Pana
Berska,5000,Gris,Pana
Totto,20000,Naranja,Lino
Berska,50000,Rojo,Ceda
Gucci,15000,Naranja,Pana
Tommy,6000,Verde,Pana
GAP,4000,Naranja,Ceda
Gucci,40000,Negro,Lino
Tommy,7000,Morado,Pana
Gucci,15000,Morado,Ceda
Volcom,15000,Verde,Pana
Volcom,50000,Rojo,Lino
Gucci,5000,Rojo,Pana
Tommy,7000,Blanco,Lino
Volcom,7000,Negro,Ceda
Gucci,7000,Azul,Algodon
Tommy,30000,Azul,Pana
Volcom,7000,Azul,Lino
Pull and Bear,50000,Naranja,Lino
Gucci,5000,Naranja,Lino
Gucci,10000,Verde,Pana
Tommy,15000,Azul,Lino
Totto,5000,Blanco,Lino
GAP,30000,Negro,Pana
Pull and Bear,7000,Rojo,Lino
Berska,7000,Verde,Algodon
Volcom,20000,Naranja,Lino
Berska,7000,Morado,Lino
Totto,20000,Morado,Pana
Volcom,20000,Negro,Pana
Berska,30000,Blanco,Ceda
Berska,4000,Blanco,Lino
Gucci,20000,Morado,Lino
Totto,5000,Verde,Algodon
Pull and Bear,6000,Blanco,Algodon
GAP,10000,Azul,Pana
Totto,5000,Gris,Algodon
Volcom,7000,Azul,Ceda
Gucci,6000,Morado,Algodon
Pull and Bear,15000,Blanco,Algodon
GAP,7000,Verde,Lino
Tommy,5000,Naranja,Lino
Berska,10000,Verde,Pana
Pull and Bear,5000,Blanco,Lino
Tommy,10000,Azul,Pana
Tommy,30000,Gris,Ceda
Gucci,10000,Rojo,Algodon
Pull and Bear,6000,Verde,Ceda
Totto,4000,Morado,Pana
GAP,20000,Naranja,Ceda
Totto,40000,Negro,Algodon
Totto,15000,Blanco,Lino
Volcom,20000,Azul,Lino
Volcom,30000,Naranja,Algodon
Totto,20000,Morado,Lino
Pull and Bear,7000,Verde,Algodon
Tommy,4000,Naranja,Algodon
GAP,10000,Gris,Algodon
Pull and Bear,15000,Gris,Pana
Tommy,15000,Naranja,Pana
Volcom,10000,Gris,Pana
Tommy,5000,Azul,Lino
GAP,5000,Verde,Pana
Berska,4000,Verde,Algodon
Berska,4000,Morado,Lino
Gucci,50000,Negro,Ceda
Volcom,40000,Azul,Ceda
Pull and Bear,15000,Negro,Algodon
Gucci,4000,Rojo,Pana
Tommy,50000,Negro,Ceda
Tommy,50000,Negro,Algodon
GAP,50000,Azul,Pana
Berska,5000,Verde,Pana
GAP,6000,Negro,Algodon
Pull and Bear,20000,Azul,Algodon
GAP,30000,Naranja,Algodon
Gucci,4000,Gris,Ceda
Berska,20000,Verde,Lino
Volcom,20000,Verde,Lino
Volcom,4000,Azul,Pana
Pull and Bear,20000,Blanco,Algodon
Gucci,50000,Morado,Lino
Tommy,15000,Azul,Ceda
Totto,5000,Verde,Ceda
Tommy,7000,Naranja,Algodon
Berska,7000,Naranja,Pana
Volcom,7000,Naranja,Ceda
Berska,6000,Morado,Pana
Berska,20000,Rojo,Lino
Volcom,6000,Naranja,Algodon
GAP,15000,Verde,Algodon
Gucci,7000,Negro,Algodon
Gucci,15000,Blanco,Lino
Tommy,50000,Rojo,Lino
Totto,30000,Azul,Algodon
Berska,50000,Rojo,Pana
Berska,7000,Rojo,Lino
Berska,5000,Blanco,Ceda
Volcom,10000,Blanco,Ceda
Pull and Bear,15000,Azul,Ceda
Pull and Bear,20000,Morado,Ceda
Totto,50000,Negro,Pana
Totto,5000,Verde,Algodon
Volcom,5000,Gris,Pana
Gucci,4000,Naranja,Pana
Volcom,6000,Rojo,Algodon
Pull and Bear,5000,Azul,Ceda
GAP,7000,Rojo,Algodon
Berska,10000,Blanco,Pana
Totto,30000,Morado,Algodon
Gucci,4000,Azul,Pana
Volcom,5000,Rojo,Lino
Gucci,15000,Morado,Ceda
Gucci,4000,Rojo,Algodon
Pull and Bear,20000,Rojo,Ceda
GAP,30000,Naranja,Lino
Totto,15000,Blanco,Pana
Pull and Bear,40000,Blanco,Lino
Totto,50000,Blanco,Algodon
Totto,10000,Blanco,Algodon
